id,title,vote_average,vote_count,status,release_date,revenue,runtime,adult,backdrop_path,budget,homepage,imdb_id,original_language,original_title,overview,popularity,poster_path,tagline,genres,production_companies,production_countries,spoken_languages,keywords,imdb_average_rating,imdb_vote_count
24428,The Avengers,7.71,29166,Released,2012-04-25,1518815515,143,False,/9BBTo63ANSmhC4e6r62OJFuK2GL.jpg,220000000,https://www.marvel.com/movies/the-avengers,tt0848228,en,The Avengers,"When an unexpected enemy emerges and threatens global safety and security, Nick Fury, director of the international peacekeeping agency known as S.H.I.E.L.D., finds himself in need of a team to pull the world back from the brink of disaster. Spanning the globe, a daring recruitment effort begins!",98.082,/RYMX2wcKCBAr24UyPD7xwmjaTn.jpg,Some assembly required.,"Science Fiction, Action, Adventure",Marvel Studios,United States of America,"English, Hindi, Russian","new york city, superhero, shield, based on comic, alien invasion, superhero team, aftercreditsstinger, duringcreditsstinger, marvel cinematic universe (mcu)",8.0,1547630.0
299536,Avengers: Infinity War,8.255,27713,Released,2018-04-25,2052415039,149,False,/mDfJG3LC3Dqb67AZ52x3Z0jU0uB.jpg,300000000,https://www.marvel.com/movies/avengers-infinity-war,tt4154756,en,Avengers: Infinity War,"As the Avengers and their allies have continued to protect the world from threats too large for any one hero to handle, a new danger has emerged from the cosmic shadows: Thanos. A despot of intergalactic infamy, his goal is to collect all six Infinity Stones, artifacts of unimaginable power, and use them to inflict his twisted will on all of reality. Everything the Avengers have fought for has led up to this moment - the fate of Earth and existence itself has never been more uncertain.",154.34,/7WsyChQLEftFiDOVTGkv3hFpyyt.jpg,An entire universe. Once and for all.,"Adventure, Action, Science Fiction",Marvel Studios,United States of America,"English, Xhosa","sacrifice, magic, superhero, based on comic, space, battlefield, genocide, magical object, super power, aftercreditsstinger, marvel cinematic universe (mcu), cosmic",8.4,1354616.0
118340,Guardians of the Galaxy,7.906,26638,Released,2014-07-30,772776600,121,False,/uLtVbjvS1O7gXL8lUOwsFOH4man.jpg,170000000,http://marvel.com/guardians,tt2015381,en,Guardians of the Galaxy,"Light years from Earth, 26 years after being abducted, Peter Quill finds himself the prime target of a manhunt after discovering an orb wanted by Ronan the Accuser.",33.255,/r7vmZjiyZw9rpJMQJdXpjgiCOk9.jpg,All heroes start somewhere.,"Action, Science Fiction, Adventure",Marvel Studios,United States of America,English,"spacecraft, based on comic, space, orphan, adventurer, aftercreditsstinger, duringcreditsstinger, marvel cinematic universe (mcu)",8.0,1353947.0
1726,Iron Man,7.64,24874,Released,2008-04-30,585174222,126,False,/cyecB7godJ6kNHGONFjUyVN9OX5.jpg,140000000,https://www.marvel.com/movies/iron-man,tt0371746,en,Iron Man,"After being held captive in an Afghan cave, billionaire engineer Tony Stark creates a unique weaponized suit of armor to fight evil.",72.897,/78lPtwv72eTNqFW9COBYI0dWDJa.jpg,Heroes aren't born. They're built.,"Action, Science Fiction, Adventure",Marvel Studios,United States of America,"English, Persian, Urdu, Arabic","middle east, superhero, arms dealer, malibu, based on comic, aftercreditsstinger, marvel cinematic universe (mcu), counterterrorism",7.9,1213765.0
299534,Avengers: Endgame,8.263,23857,Released,2019-04-24,2800000000,181,False,/7RyHsO4yDXtBv1zUU3mTpHeQ0d5.jpg,356000000,https://www.marvel.com/movies/avengers-endgame,tt4154796,en,Avengers: Endgame,"After the devastating events of Avengers: Infinity War, the universe is in ruins due to the efforts of the Mad Titan, Thanos. With the help of remaining allies, the Avengers must assemble once more in order to undo Thanos' actions and restore order to the universe once and for all, no matter what consequences may be in store.",91.756,/or06FN3Dka5tukK1e9sl16pB3iy.jpg,Avenge the fallen.,"Adventure, Science Fiction, Action",Marvel Studios,United States of America,"English, Japanese, Xhosa","superhero, time travel, space travel, time machine, based on comic, sequel, alien invasion, superhero team, marvel cinematic universe (mcu), alternate timeline, father daughter relationship, sister sister relationship",8.4,1427377.0
99861,Avengers: Age of Ultron,7.276,21754,Released,2015-04-22,1405403694,141,False,/6YwkGolwdOMNpbTOmLjoehlVWs5.jpg,365000000,http://marvel.com/movies/movie/193/avengers_age_of_ultron,tt2395427,en,Avengers: Age of Ultron,"When Tony Stark tries to jumpstart a dormant peacekeeping program, things go awry and Earth’s Mightiest Heroes are put to the ultimate test as the fate of the planet hangs in the balance. As the villainous Ultron emerges, it is up to The Avengers to stop him from enacting his terrible plans, and soon uneasy alliances and unexpected action pave the way for an epic and unique global adventure.",96.565,/4ssDuvEDkSArWEdyBl2X5EHvYKU.jpg,A new age has come.,"Action, Adventure, Science Fiction",Marvel Studios,United States of America,English,"artificial intelligence (a.i.), superhero, based on comic, sequel, superhero team, duringcreditsstinger, marvel cinematic universe (mcu), fictitious country, evil robot",7.3,992107.0
271110,Captain America: Civil War,7.4,21541,Released,2016-04-27,1155046416,147,False,/wdwcOBMkt3zmPQuEMxB3FUtMio2.jpg,250000000,https://www.marvel.com/movies/captain-america-civil-war,tt3498820,en,Captain America: Civil War,"Following the events of Age of Ultron, the collective governments of the world pass an act designed to regulate all superhuman activity. This polarizes opinion amongst the Avengers, causing two factions to side with Iron Man or Captain America, which causes an epic battle between former allies.",70.741,/rAGiXaUfPzY7CDEyNKUofk3Kw2e.jpg,United we stand. Divided we fall.,"Adventure, Action, Science Fiction",Marvel Studios,United States of America,"Romanian, English, German, Russian","civil war, superhero, based on comic, sequel, aftercreditsstinger, duringcreditsstinger, marvel cinematic universe (mcu), excited",7.8,919227.0
68721,Iron Man 3,6.928,21064,Released,2013-04-18,1215577205,130,False,/aFTYFqrWp4RS46Twm87l5e0ItYb.jpg,200000000,https://www.marvel.com/movies/iron-man-3,tt1300854,en,Iron Man 3,"When Tony Stark's world is torn apart by a formidable terrorist called the Mandarin, he starts an odyssey of rebuilding and retribution.",61.06,/qhPtAc1TKbMPqNvcdXSOn9Bn7hZ.jpg,Unleash the power behind the armor.,"Action, Adventure, Science Fiction",Marvel Studios,United States of America,English,"california, war on terror, superhero, malibu, based on comic, tennessee, billionaire, aftercreditsstinger, marvel cinematic universe (mcu), christmas, america",7.1,958718.0
284054,Black Panther,7.39,21053,Released,2018-02-13,1349926083,135,False,/b6ZJZHUdMEFECvGiDpJjlfUWela.jpg,200000000,https://www.marvel.com/movies/black-panther,tt1825683,en,Black Panther,"King T'Challa returns home to the reclusive, technologically advanced African nation of Wakanda to serve as his country's new leader. However, T'Challa soon finds that he is challenged for the throne by factions within his own country as well as without. Using powers reserved to Wakandan kings, T'Challa assumes the Black Panther mantle to join with ex-girlfriend Nakia, the queen-mother, his princess-kid sister, members of the Dora Milaje (the Wakandan 'special forces') and an American secret agent, to prevent Wakanda from being dragged into a world war.",43.665,/uxzzxijgPIY7slzFvMotPv8wjKA.jpg,Long live the king.,"Action, Adventure, Science Fiction",Marvel Studios,United States of America,"English, Korean, Swahili, Xhosa","africa, superhero, based on comic, aftercreditsstinger, duringcreditsstinger, marvel cinematic universe (mcu)",7.3,902449.0
284052,Doctor Strange,7.427,20935,Released,2016-10-25,676343174,115,False,/qUv51IFUvVRAP2379ThmA3eLJx6.jpg,180000000,http://marvel.com/doctorstrange,tt1211837,en,Doctor Strange,"After his career is destroyed, a brilliant but arrogant surgeon gets a new lease on life when a sorcerer takes him under her wing and trains him to defend the world against evil.",70.535,/uGBVj3bEbCoZbDjjl9wTxcygko1.jpg,The impossibilities are endless.,"Action, Adventure, Fantasy",Marvel Studios,United States of America,English,"magic, superhero, training, time, based on comic, sorcerer, doctor, neurosurgeon, wizard, aftercreditsstinger, duringcreditsstinger, marvel cinematic universe (mcu)",7.5,872758.0
315635,Spider-Man: Homecoming,7.345,20507,Released,2017-07-05,880166924,133,False,/fn4n6uOYcB6Uh89nbNPoU2w80RV.jpg,175000000,http://www.spidermanhomecoming.com,tt2250912,en,Spider-Man: Homecoming,"Following the events of Captain America: Civil War, Peter Parker, with the help of his mentor Tony Stark, tries to balance his life as an ordinary high school student in Queens, New York City, with fighting crime as his superhero alter ego Spider-Man as a new threat, the Vulture, emerges.",65.88,/c24sv2weTHPsmDa7jEMN0m2P3RT.jpg,Homework can wait. The city can't.,"Action, Adventure, Science Fiction, Drama","Marvel Studios, Pascal Pictures, LStar Capital, Columbia Pictures",United States of America,English,"high school, new york city, washington dc, usa, superhero, based on comic, reboot, aftercreditsstinger, marvel cinematic universe (mcu)",7.4,788322.0
283995,Guardians of the Galaxy Vol. 2,7.624,20353,Released,2017-04-19,863756051,137,False,/aJn9XeesqsrSLKcHfHP4u5985hn.jpg,200000000,http://marvel.com/movies/movie/221/guardians_of_the_galaxy_vol_2,tt3896198,en,Guardians of the Galaxy Vol. 2,The Guardians must fight to keep their newfound family together as they unravel the mysteries of Peter Quill's true parentage.,67.553,/y4MBh0EjBlMuOzv9axM4qJlmhzz.jpg,Obviously.,"Science Fiction, Adventure, Action",Marvel Studios,United States of America,English,"superhero, based on comic, sequel, misfit, space, aftercreditsstinger, duringcreditsstinger, marvel cinematic universe (mcu)",7.6,821983.0
1771,Captain America: The First Avenger,6.995,20269,Released,2011-07-22,370569774,124,False,/4NWWpT0jiMUak8r6jfpvG4eBgFU.jpg,140000000,https://www.marvel.com/movies/captain-america-the-first-avenger,tt0458339,en,Captain America: The First Avenger,"During World War II, Steve Rogers is a sickly man from Brooklyn who's transformed into super-soldier Captain America to aid in the war effort. Rogers must stop the Red Skull – Adolf Hitler's ruthless head of weaponry, and the leader of an organization that intends to use a mysterious device of untold powers for world domination.",43.665,/vSNxAJTlD0r02V9sPYpOjqDZXUK.jpg,When patriots become heroes,"Action, Adventure, Science Fiction",Marvel Studios,United States of America,"French, Norwegian, English","new york city, nazi, superhero, world war ii, heroism, shield, based on comic, super soldier, period drama, brooklyn, new york city, aftercreditsstinger, marvel cinematic universe (mcu), origin story, soldiers, war",6.9,959911.0
10195,Thor,6.768,20023,Released,2011-04-21,449326618,115,False,/1wOu8rdvPxU1ObHi20VcRhfNpbo.jpg,150000000,http://thor.marvel.com/,tt0800369,en,Thor,"Against his father Odin's will, The Mighty Thor - a powerful but arrogant warrior god - recklessly reignites an ancient war. Thor is cast down to Earth and forced to live among humans as punishment. Once here, Thor learns what it takes to be a true hero when the most dangerous villain of his world sends the darkest forces of Asgard to invade Earth.",51.277,/prSfAi1xGrhLQNxVSUFh61xQ4Qy.jpg,Two worlds. One hero.,"Adventure, Fantasy, Action",Marvel Studios,United States of America,English,"new mexico, superhero, redemption, banishment, based on comic, brother against brother, norse mythology, aftercreditsstinger, marvel cinematic universe (mcu), worlds collide, god of thunder, fantasy",7.0,959086.0
10138,Iron Man 2,6.835,19756,Released,2010-04-28,623933331,124,False,/jesRqfL9v6HNnowe795xjmuKUXl.jpg,200000000,https://www.marvel.com/movies/iron-man-2,tt1228705,en,Iron Man 2,"With the world now aware of his dual life as the armored superhero Iron Man, billionaire inventor Tony Stark faces pressure from the government, the press and the public to share his technology with the military. Unwilling to let go of his invention, Stark, with Pepper Potts and James 'Rhodey' Rhodes at his side, must forge new alliances – and confront powerful enemies.",84.445,/6WBeq4fCfn7AN0o21W9qNcRF2l9.jpg,"It's not the armor that makes the hero, but the man inside.","Adventure, Action, Science Fiction","Marvel Studios, Fairview Entertainment",United States of America,"English, Russian, French","technology, superhero, malibu, based on comic, revenge, aftercreditsstinger, marvel cinematic universe (mcu), break out",6.9,930324.0
284053,Thor: Ragnarok,7.595,19539,Released,2017-10-02,855301806,131,False,/kaIfm5ryEOwYg8mLbq8HkPuM1Fo.jpg,180000000,https://marvel.com/movies/movie/222/thor_ragnarok,tt3501632,en,Thor: Ragnarok,"Thor is imprisoned on the other side of the universe and finds himself in a race against time to get back to Asgard to stop Ragnarok, the destruction of his home-world and the end of Asgardian civilization, at the hands of a powerful new threat, the ruthless Hela.",45.2,/rzRwTcFvttcN1ZpX2xv4j3tSdJu.jpg,No hammer. No problem.,"Action, Adventure, Science Fiction",Marvel Studios,United States of America,English,"superhero, based on comic, sequel, alien planet, female villain, norse mythology, aftercreditsstinger, duringcreditsstinger, marvel cinematic universe (mcu), norse god, loki",7.9,886674.0
102899,Ant-Man,7.082,18730,Released,2015-07-14,519311965,117,False,/1K3JmSNUN8OpjYsCjc0Hy0SYxAb.jpg,130000000,http://marvel.com/movies/movie/180/ant-man,tt0478970,en,Ant-Man,"Armed with the astonishing ability to shrink in scale but increase in strength, master thief Scott Lang must embrace his inner-hero and help his mentor, Doctor Hank Pym, protect the secret behind his spectacular Ant-Man suit from a new generation of towering threats. Against seemingly insurmountable obstacles, Pym and Lang must plan and pull off a heist that will save the world.",37.692,/8YxOIPrabqkQCOKKbuxaz9IcqhO.jpg,Heroes don't get any bigger.,"Science Fiction, Action, Adventure",Marvel Studios,United States of America,English,"superhero, ant, shrinking, based on comic, heist, miniaturization, miniature people, aftercreditsstinger, duringcreditsstinger, marvel cinematic universe (mcu)",7.2,774573.0
634649,Spider-Man: No Way Home,7.99,18299,Released,2021-12-15,1921847111,148,False,/14QbnygCuTO0vl7CAFmPf1fgZfV.jpg,200000000,https://www.spidermannowayhome.movie,tt10872600,en,Spider-Man: No Way Home,"Peter Parker is unmasked and no longer able to separate his normal life from the high-stakes of being a super-hero. When he asks for help from Doctor Strange the stakes become even more dangerous, forcing him to discover what it truly means to be Spider-Man.",186.065,/5weKu49pzJCt06OPpjvT80efnQj.jpg,The Multiverse unleashed.,"Action, Adventure, Science Fiction","Marvel Studios, Pascal Pictures, Columbia Pictures",United States of America,"English, Tagalog","new york city, hero, showdown, magic, loss of loved one, secret identity, superhero, villain, portal, sequel, vigilante, superhero team, alternate reality, masked vigilante, spider web, aftercreditsstinger, duringcreditsstinger, marvel cinematic universe (mcu), fight for justice, teen superhero, superhero teamup, returning hero, crossover, teamwork",8.1,1004229.0
100402,Captain America: The Winter Soldier,7.671,17692,Released,2014-03-20,714766572,136,False,/1RWLMyC9KcFfcaoViMiJGSSZzzr.jpg,170000000,http://www.captainamericathewintersoldiermovie.com,tt1843866,en,Captain America: The Winter Soldier,"After the cataclysmic events in New York with The Avengers, Steve Rogers, aka Captain America is living quietly in Washington, D.C. and trying to adjust to the modern world. But when a S.H.I.E.L.D. colleague comes under attack, Steve becomes embroiled in a web of intrigue that threatens to put the world at risk. Joining forces with the Black Widow, Captain America struggles to expose the ever-widening conspiracy while fighting off professional assassins sent to silence him at every turn. When the full scope of the villainous plot is revealed, Captain America and the Black Widow enlist the help of a new ally, the Falcon. However, they soon find themselves up against an unexpected and formidable enemy—the Winter Soldier.",31.482,/tVFRpFw3xTedgPGqxW0AOI8Qhh0.jpg,In heroes we trust.,"Action, Adventure, Science Fiction",Marvel Studios,United States of America,English,"future, washington dc, usa, superhero, shield, based on comic, aftercreditsstinger, duringcreditsstinger, marvel cinematic universe (mcu), political thriller",7.7,964743.0
76338,Thor: The Dark World,6.538,16359,Released,2013-10-30,644783140,112,False,/4zTsF0RtO0av3YX1NaKDqGKPxYF.jpg,170000000,https://www.marvel.com/movies/thor-the-dark-world,tt1981115,en,Thor: The Dark World,"Thor fights to restore order across the cosmos… but an ancient race led by the vengeful Malekith returns to plunge the universe back into darkness. Faced with an enemy that even Odin and Asgard cannot withstand, Thor must embark on his most perilous and personal journey yet, one that will reunite him with Jane Foster and force him to sacrifice everything to save us all.",59.968,/wp6OxE4poJ4G7c0U2ZIXasTSMR7.jpg,Delve into the darkness,"Action, Adventure, Fantasy",Marvel Studios,United States of America,English,"superhero, based on comic, hostile takeover, norse mythology, aftercreditsstinger, duringcreditsstinger, marvel cinematic universe (mcu), mythological place",6.7,772139.0
299537,Captain Marvel,6.843,14657,Released,2019-03-06,1131416446,124,False,/w2PMyoyLU22YvrGK3smVM9fW1jj.jpg,152000000,https://www.marvel.com/movies/captain-marvel,tt4154664,en,Captain Marvel,"The story follows Carol Danvers as she becomes one of the universe’s most powerful heroes when Earth is caught in the middle of a galactic war between two alien races. Set in the 1990s, Captain Marvel is an all-new adventure from a previously unseen period in the history of the Marvel Cinematic Universe.",50.399,/AtsgWhDnHTq68L0lLsUrCnM7TjG.jpg,Higher. Further. Faster.,"Action, Adventure, Science Fiction",Marvel Studios,United States of America,English,"superhero, based on comic, alien invasion, super power, female hero, aftercreditsstinger, duringcreditsstinger, marvel cinematic universe (mcu), woman director, hero's journey, 1990s, alien technology",6.7,653600.0
429617,Spider-Man: Far From Home,7.447,14495,Released,2019-06-28,1131927996,129,False,/ng6SSB3JhbcpKTwbPDsRwUYK8Cq.jpg,160000000,https://www.marvel.com/movies/spider-man-far-from-home,tt6320628,en,Spider-Man: Far From Home,"Peter Parker and his friends go on a summer trip to Europe. However, they will hardly be able to rest - Peter will have to agree to help Nick Fury uncover the mystery of creatures that cause natural disasters and destruction throughout the continent.",49.913,/4q2NNj4S5dG2RLF9CpXsej7yXl.jpg,It’s time to step up.,"Action, Adventure, Science Fiction","Marvel Studios, Pascal Pictures, Columbia Pictures",United States of America,"Czech, Dutch, English, German, Italian","venice, italy, superhero, school trip, europe, based on comic, sequel, destruction, aftercreditsstinger, duringcreditsstinger, marvel cinematic universe (mcu), tower of london",7.3,630032.0
363088,Ant-Man and the Wasp,6.951,12512,Released,2018-07-04,622674139,119,False,/iYdgEUE2W2aJkgqfSjf1x3gFfuV.jpg,140000000,https://www.marvel.com/movies/ant-man-and-the-wasp,tt5095030,en,Ant-Man and the Wasp,"Just when his time under house arrest is about to end, Scott Lang once again puts his freedom at risk to help Hope van Dyne and Dr. Hank Pym dive into the quantum realm and try to accomplish, against time and any chance of success, a very dangerous rescue mission.",34.801,/vzqq2KOoyI30zH7eaDU4rrCbSVP.jpg,Real heroes. Not actual size.,"Action, Adventure, Science Fiction",Marvel Studios,United States of America,English,"van, dream, insect, flying, chase, fight, superhero, ant, nuclear missile, shrinking, based on comic, giant insect, sequel, flashback, house arrest, alternate dimension, tragic villain, laboratory, fugitive, school, miniaturization, montage, toy car, giant man, female villain, aftercreditsstinger, duringcreditsstinger, marvel cinematic universe (mcu), giant, action hero, father daughter relationship, mother daughter relationship",7.0,490483.0
1724,The Incredible Hulk,6.204,11006,Released,2008-06-12,163712074,114,False,/xfBnQ4mgf1jYZsscJGJjr6ce0Ar.jpg,150000000,https://www.marvel.com/movies/the-incredible-hulk,tt0800080,en,The Incredible Hulk,"Scientist Bruce Banner scours the planet for an antidote to the unbridled force of rage within him: the Hulk. But when the military masterminds who dream of exploiting his powers force him back to civilization, he finds himself coming face to face with a new, deadly foe.",52.734,/gKzYx79y0AQTL4UAk1cBQJ3nvrm.jpg,You'll like him when he's angry.,"Science Fiction, Action, Adventure","Marvel Studios, Valhalla Motion Pictures",United States of America,"Portuguese, Spanish, English","new york city, rio de janeiro, superhero, based on comic, fugitive, on the run, super soldier, scientist, virginia, military, super villain, marvel cinematic universe (mcu), angry, radical transformation, good versus evil",6.6,560466.0
497698,Black Widow,7.303,9298,Released,2021-07-07,379751131,134,False,/keIxh0wPr2Ymj0Btjh4gW7JJ89e.jpg,200000000,https://www.marvel.com/movies/black-widow,tt3480822,en,Black Widow,"Natasha Romanoff, also known as Black Widow, confronts the darker parts of her ledger when a dangerous conspiracy with ties to her past arises. Pursued by a force that will stop at nothing to bring her down, Natasha must deal with her history as a spy and the broken relationships left in her wake long before she became an Avenger.",56.256,/kwB7d51AIcyzPOBOHLCEZJkmPhQ.jpg,Her world. Her secrets. Her legacy.,"Action, Adventure, Science Fiction",Marvel Studios,United States of America,"English, Russian","assassin, hero, spy, kgb, based on comic, female assassin, female spy, female hero, aftercreditsstinger, marvel cinematic universe (mcu), woman director",6.6,472763.0
566525,Shang-Chi and the Legend of the Ten Rings,7.589,8481,Released,2021-09-01,432243292,132,False,/rAksPS6LjBONzY84szQBz5gGej6.jpg,150000000,https://www.marvel.com/movies/shang-chi-and-the-legend-of-the-ten-rings,tt9376612,en,Shang-Chi and the Legend of the Ten Rings,Shang-Chi must confront the past he thought he left behind when he is drawn into the web of the mysterious Ten Rings organization.,89.764,/9f2Q0U3IOsLgrI2HkvldwSABZy5.jpg,You can't outrun your destiny.,"Action, Adventure, Fantasy",Marvel Studios,United States of America,"English, Mandarin","martial arts, superhero, based on comic, mixed martial arts, east asian lead, aftercreditsstinger, duringcreditsstinger, marvel cinematic universe (mcu), father son relationship",7.3,483699.0
453395,Doctor Strange in the Multiverse of Madness,7.355,7991,Released,2022-05-04,955775804,126,False,/jhXwGdyj2f5ZxCYZBKfBNcGBbWx.jpg,200000000,https://www.marvel.com/movies/doctor-strange-in-the-multiverse-of-madness,tt9419884,en,Doctor Strange in the Multiverse of Madness,"Doctor Strange, with the help of mystical allies both old and new, traverses the mind-bending and dangerous alternate realities of the Multiverse to confront a mysterious new adversary.",96.53,/9Gtg2DzBhmYamXBS1hKAhiwbBKS.jpg,Enter a new dimension of Strange.,"Fantasy, Action, Adventure","Marvel Studios, Kevin Feige Productions",United States of America,"Cantonese, English, Spanish","magic, superhero, based on comic, alternate reality, aftercreditsstinger, duringcreditsstinger, marvel cinematic universe (mcu)",6.9,539177.0
524434,Eternals,6.927,7493,Released,2021-11-03,402064899,156,False,/c6H7Z4u73ir3cIoCteuhJh7UCAR.jpg,200000000,https://www.marvel.com/movies/the-eternals,tt9032400,en,Eternals,"The Eternals are a team of ancient aliens who have been living on Earth in secret for thousands of years. When an unexpected tragedy forces them out of the shadows, they are forced to reunite against mankind’s most ancient enemy, the Deviants.",60.521,/lFByFSLV5WDJEv3KabbdAF959F2.jpg,In the beginning...,"Science Fiction, Action, Adventure",Marvel Studios,"Canada, United States of America","Arabic, English, Hindi, Latin, Spanish","superhero, supernatural, based on comic, alien, super power, aftercreditsstinger, marvel cinematic universe (mcu), sign languages, ancient, god-like",6.2,423444.0
616037,Thor: Love and Thunder,6.517,6510,Released,2022-07-06,760928081,119,False,/vvObT0eIWGlArLQx3K5wZ0uT812.jpg,250000000,https://www.marvel.com/movies/thor-love-and-thunder,tt10648342,en,Thor: Love and Thunder,"After his retirement is interrupted by Gorr the God Butcher, a galactic killer who seeks the extinction of the gods, Thor Odinson enlists the help of King Valkyrie, Korg, and ex-girlfriend Jane Foster, who now wields Mjolnir as the Mighty Thor. Together they embark upon a harrowing cosmic adventure to uncover the mystery of the God Butcher’s vengeance and stop him before it’s too late.",117.087,/pIkRyD18kl4FhoCNQuWxWu5cBLM.jpg,The one is not the only.,"Fantasy, Action, Comedy","Marvel Studios, Kevin Feige Productions",United States of America,English,"hero, ex-girlfriend, superhero, greek mythology, based on comic, sequel, shadow, norse mythology, aftercreditsstinger, duringcreditsstinger, marvel cinematic universe (mcu), heroes, norse god, god of thunder, colorless, child abduction, thor",6.1,455395.0
505642,Black Panther: Wakanda Forever,7.193,5475,Released,2022-11-09,859102154,162,False,/xDMIl84Qo5Tsu62c9DGWhmPI67A.jpg,250000000,https://wakandaforevertickets.com,tt9114286,en,Black Panther: Wakanda Forever,"Queen Ramonda, Shuri, M’Baku, Okoye and the Dora Milaje fight to protect their nation from intervening world powers in the wake of King T’Challa’s death.  As the Wakandans strive to embrace their next chapter, the heroes must band together with the help of War Dog Nakia and Everett Ross and forge a new path for the kingdom of Wakanda.",131.897,/sv1xJUazXeYqALzczSZ3O6nkH75.jpg,Forever.,"Action, Adventure, Science Fiction",Marvel Studios,United States of America,"English, French, Haitian; Haitian Creole, Spanish, Xhosa","hero, loss of loved one, superhero, royal family, based on comic, sequel, royalty, underwater, political intrigue , death in family, mourning, death of brother, duringcreditsstinger, death of king, marvel cinematic universe (mcu), hidden civilization, yucatan, mayans",6.6,365403.0
447365,Guardians of the Galaxy Vol. 3,8.023,4941,Released,2023-05-03,845430302,150,False,/5YZbUmjbMa3ClvSW1Wj3D6XGolb.jpg,250000000,https://www.marvel.com/movies/guardians-of-the-galaxy-volume-3,tt6791350,en,Guardians of the Galaxy Vol. 3,"Peter Quill, still reeling from the loss of Gamora, must rally his team around him to defend the universe along with protecting one of their own. A mission that, if not completed successfully, could quite possibly lead to the end of the Guardians as we know them.",318.516,/r2J02Z2OpNTctfOSN1Ydgii51I3.jpg,Once more with feeling.,"Science Fiction, Adventure, Action","Marvel Studios, Kevin Feige Productions",United States of America,English,"hero, superhero, mad scientist, based on comic, sequel, superhero team, space opera, raccoon, aftercreditsstinger, duringcreditsstinger, marvel cinematic universe (mcu), cosmic, outer space, chosen family",7.9,463630.0
640146,Ant-Man and the Wasp: Quantumania,6.431,4009,Released,2023-02-15,476071180,125,False,/m8JTwHFwX7I7JY5fPe4SjqejWag.jpg,200000000,https://www.marvel.com/movies/ant-man-and-the-wasp-quantumania,tt10954600,en,Ant-Man and the Wasp: Quantumania,"Super-Hero partners Scott Lang and Hope van Dyne, along with with Hope's parents Janet van Dyne and Hank Pym, and Scott's daughter Cassie Lang, find themselves exploring the Quantum Realm, interacting with strange new creatures and embarking on an adventure that will push them beyond the limits of what they thought possible.",173.694,/qnqGbB22YJ7dSs4o6M7exTpNxPz.jpg,Witness the beginning of a new dynasty.,"Action, Adventure, Science Fiction","Marvel Studios, Kevin Feige Productions",United States of America,English,"hero, superhero, ant, based on comic, sequel, family, superhero team, aftercreditsstinger, duringcreditsstinger, marvel cinematic universe (mcu)",6.0,266136.0
533535,Deadpool & Wolverine,7.558,8293,Released,2024-07-24,1338073645,128,False,/ufpeVEM64uZHPpzzeiDNIAdaeOD.jpg,200000000,https://www.marvel.com/movies/deadpool-3,tt6263850,en,Deadpool & Wolverine,"A listless Wade Wilson toils away in civilian life with his days as the morally flexible mercenary, Deadpool, behind him. But when his homeworld faces an existential threat, Wade must reluctantly suit-up again with an even more reluctant Wolverine.",24.3599,/8cdWjvZQUExUUTzyp4t6EDMubfO.jpg,,"Action, Adventure, Comedy","Marvel Studios, Kevin Feige Productions, Maximum Effort, 21 Laps Entertainment",United States of America,English,"hero, superhero, anti hero, mutant, marvel cinematic universe (mcu), x-men",7.5,556088.0
609681,The Marvels,5.946,3254,Released,2023-11-08,206136825,105,False,/JdT3ywizJIICTZCb4dteyCspON.jpg,274800000,https://www.marvel.com/movies/the-marvels,tt10676048,en,The Marvels,"When her duties send her to an anomalous wormhole linked to a Kree revolutionary, Carol's powers become entangled with that of Jersey City super-fan Kamala Khan, aka Ms. Marvel, and Carol's estranged niece, now S.A.B.E.R. astronaut Captain Monica Rambeau. Together, this unlikely trio must team up and learn to work in concert to save the universe.",6.8192,/9GBhzXMFjgcZ3FdR9w3bUMMTps5.jpg,Higher. Further. Faster. Together.,"Action, Adventure, Science Fiction","Marvel Studios, Kevin Feige Productions",United States of America,English,"hero, superhero, space travel, based on comic, sequel, teenage girl, aftercreditsstinger, duringcreditsstinger, marvel cinematic universe (mcu), space adventure, cheerful, demeaning, enchant, excited, hopeful",5.5,161567.0
617126,The Fantastic 4: First Steps,6.97,3015,Released,2025-07-23,521858728,115,False,/s94NjfKkcSczZ1FembwmQZwsuwY.jpg,200000000,https://www.marvel.com/movies/fantastic-four,tt10676052,en,The Fantastic 4: First Steps,"Against the vibrant backdrop of a 1960s-inspired, retro-futuristic world, Marvel's First Family is forced to balance their roles as heroes with the strength of their family bond, while defending Earth from a ravenous space god called Galactus and his enigmatic Herald, Silver Surfer.",29.4047,/nf5qaSEvyYSNeFH0YhSs5EsBLX9.jpg,,Science Fiction,"Marvel Studios, Kevin Feige Productions",United States of America,English,"superhero, based on comic, family, marvel cinematic universe (mcu)",6.8,247383.0
986056,Thunderbolts*,7.294,3237,Released,2025-04-30,382436917,127,False,/jYCyTdPfgT01IOJWDnnetr9RDX6.jpg,180000000,https://www.marvel.com/movies/thunderbolts,tt20969586,en,Thunderbolts*,"After finding themselves ensnared in a death trap, seven disillusioned castoffs must embark on a dangerous mission that will force them to confront the darkest corners of their pasts.",17.3314,/hqcexYHbiTBfDIdDWxrxPtVndBX.jpg,,"Action, Adventure","Marvel Studios, Kevin Feige Productions",United States of America,English,"villain, based on comic, marvel cinematic universe (mcu), antihero, ragtag",7.1,265571.0
822119,Captain America: Brave New World,6.0,2939,Released,2025-02-12,415101577,119,False,/8eifdha9GQeZAkexgtD45546XKx.jpg,180000000,https://www.marvel.com/movies/captain-america-brave-new-world,tt14513804,en,Captain America: Brave New World,"After meeting with newly elected U.S. President Thaddeus Ross, Sam finds himself in the middle of an international incident. He must discover the reason behind a nefarious global plot before the true mastermind has the entire world seeing red.",14.4532,/pzIddUEMWhWzfvLI3TwxUG2wGoi.jpg,,"Action, Adventure, Science Fiction","Marvel Studios, Kevin Feige Productions",United States of America,English,"hero, superhero, superhero team, marvel cinematic universe (mcu)",5.6,177904.0
